{
  "0.05": {
    "turb_frac": 0.05,
    "snr": 20.0,
    "n_true": 28,
    "anti_only": {
      "precision": 0.027139874739039668,
      "recall": 0.9285714285714286,
      "f1": 0.05273833671399595,
      "tp": 26,
      "fp": 932,
      "fn": 2,
      "n_det": 958
    },
    "rough_mdl": {
      "precision": 1.0,
      "recall": 0.5,
      "f1": 0.6666666666666666,
      "tp": 14,
      "fp": 0,
      "fn": 14,
      "n_det": 14
    },
    "anti_mdl": {
      "precision": 0.9090909090909091,
      "recall": 0.35714285714285715,
      "f1": 0.5128205128205129,
      "tp": 10,
      "fp": 1,
      "fn": 18,
      "n_det": 11
    },
    "full": {
      "precision": 0.9333333333333333,
      "recall": 0.5,
      "f1": 0.6511627906976745,
      "tp": 14,
      "fp": 1,
      "fn": 14,
      "n_det": 15
    }
  },
  "0.10": {
    "turb_frac": 0.1,
    "snr": 10.0,
    "n_true": 28,
    "anti_only": {
      "precision": 0.027139874739039668,
      "recall": 0.9285714285714286,
      "f1": 0.05273833671399595,
      "tp": 26,
      "fp": 932,
      "fn": 2,
      "n_det": 958
    },
    "rough_mdl": {
      "precision": 1.0,
      "recall": 0.7142857142857143,
      "f1": 0.8333333333333333,
      "tp": 20,
      "fp": 0,
      "fn": 8,
      "n_det": 20
    },
    "anti_mdl": {
      "precision": 0.9090909090909091,
      "recall": 0.35714285714285715,
      "f1": 0.5128205128205129,
      "tp": 10,
      "fp": 1,
      "fn": 18,
      "n_det": 11
    },
    "full": {
      "precision": 0.9375,
      "recall": 0.5357142857142857,
      "f1": 0.6818181818181818,
      "tp": 15,
      "fp": 1,
      "fn": 13,
      "n_det": 16
    }
  },
  "0.15": {
    "turb_frac": 0.15,
    "snr": 6.666666666666667,
    "n_true": 28,
    "anti_only": {
      "precision": 0.02612330198537095,
      "recall": 0.8928571428571429,
      "f1": 0.05076142131979695,
      "tp": 25,
      "fp": 932,
      "fn": 3,
      "n_det": 957
    },
    "rough_mdl": {
      "precision": 1.0,
      "recall": 0.6785714285714286,
      "f1": 0.8085106382978724,
      "tp": 19,
      "fp": 0,
      "fn": 9,
      "n_det": 19
    },
    "anti_mdl": {
      "precision": 0.9285714285714286,
      "recall": 0.4642857142857143,
      "f1": 0.6190476190476191,
      "tp": 13,
      "fp": 1,
      "fn": 15,
      "n_det": 14
    },
    "full": {
      "precision": 0.9473684210526315,
      "recall": 0.6428571428571429,
      "f1": 0.7659574468085106,
      "tp": 18,
      "fp": 1,
      "fn": 10,
      "n_det": 19
    }
  },
  "0.20": {
    "turb_frac": 0.2,
    "snr": 5.0,
    "n_true": 28,
    "anti_only": {
      "precision": 0.02612330198537095,
      "recall": 0.8928571428571429,
      "f1": 0.05076142131979695,
      "tp": 25,
      "fp": 932,
      "fn": 3,
      "n_det": 957
    },
    "rough_mdl": {
      "precision": 1.0,
      "recall": 0.75,
      "f1": 0.8571428571428571,
      "tp": 21,
      "fp": 0,
      "fn": 7,
      "n_det": 21
    },
    "anti_mdl": {
      "precision": 0.9230769230769231,
      "recall": 0.42857142857142855,
      "f1": 0.5853658536585366,
      "tp": 12,
      "fp": 1,
      "fn": 16,
      "n_det": 13
    },
    "full": {
      "precision": 0.95,
      "recall": 0.6785714285714286,
      "f1": 0.7916666666666667,
      "tp": 19,
      "fp": 1,
      "fn": 9,
      "n_det": 20
    }
  },
  "0.30": {
    "turb_frac": 0.3,
    "snr": 3.3333333333333335,
    "n_true": 28,
    "anti_only": {
      "precision": 0.02612330198537095,
      "recall": 0.8928571428571429,
      "f1": 0.05076142131979695,
      "tp": 25,
      "fp": 932,
      "fn": 3,
      "n_det": 957
    },
    "rough_mdl": {
      "precision": 1.0,
      "recall": 0.5714285714285714,
      "f1": 0.7272727272727273,
      "tp": 16,
      "fp": 0,
      "fn": 12,
      "n_det": 16
    },
    "anti_mdl": {
      "precision": 1.0,
      "recall": 0.42857142857142855,
      "f1": 0.6,
      "tp": 12,
      "fp": 0,
      "fn": 16,
      "n_det": 12
    },
    "full": {
      "precision": 1.0,
      "recall": 0.6428571428571429,
      "f1": 0.782608695652174,
      "tp": 18,
      "fp": 0,
      "fn": 10,
      "n_det": 18
    }
  },
  "0.40": {
    "turb_frac": 0.4,
    "snr": 2.5,
    "n_true": 28,
    "anti_only": {
      "precision": 0.027139874739039668,
      "recall": 0.9285714285714286,
      "f1": 0.05273833671399595,
      "tp": 26,
      "fp": 932,
      "fn": 2,
      "n_det": 958
    },
    "rough_mdl": {
      "precision": 1.0,
      "recall": 0.6428571428571429,
      "f1": 0.782608695652174,
      "tp": 18,
      "fp": 0,
      "fn": 10,
      "n_det": 18
    },
    "anti_mdl": {
      "precision": 1.0,
      "recall": 0.4642857142857143,
      "f1": 0.6341463414634146,
      "tp": 13,
      "fp": 0,
      "fn": 15,
      "n_det": 13
    },
    "full": {
      "precision": 1.0,
      "recall": 0.6071428571428571,
      "f1": 0.7555555555555554,
      "tp": 17,
      "fp": 0,
      "fn": 11,
      "n_det": 17
    }
  },
  "0.50": {
    "turb_frac": 0.5,
    "snr": 2.0,
    "n_true": 28,
    "anti_only": {
      "precision": 0.026041666666666668,
      "recall": 0.8928571428571429,
      "f1": 0.05060728744939271,
      "tp": 25,
      "fp": 935,
      "fn": 3,
      "n_det": 960
    },
    "rough_mdl": {
      "precision": 1.0,
      "recall": 0.6785714285714286,
      "f1": 0.8085106382978724,
      "tp": 19,
      "fp": 0,
      "fn": 9,
      "n_det": 19
    },
    "anti_mdl": {
      "precision": 1.0,
      "recall": 0.5357142857142857,
      "f1": 0.6976744186046512,
      "tp": 15,
      "fp": 0,
      "fn": 13,
      "n_det": 15
    },
    "full": {
      "precision": 1.0,
      "recall": 0.6428571428571429,
      "f1": 0.782608695652174,
      "tp": 18,
      "fp": 0,
      "fn": 10,
      "n_det": 18
    }
  }
}