{
  "mass_smash": {
    "precision": 1.0,
    "recall": 0.041237113402061855,
    "f1": 0.0792079207920792,
    "tp": 4,
    "fp": 0,
    "fn": 93,
    "n_detected": 4,
    "n_catalog": 97
  },
  "baseline": {
    "precision": 0.6376811594202898,
    "recall": 0.9072164948453608,
    "f1": 0.7489361702127658,
    "tp": 88,
    "fp": 50,
    "fn": 9,
    "n_detected": 138,
    "n_catalog": 97
  },
  "mass_smash_strict": {
    "precision": 0.5,
    "recall": 0.020618556701030927,
    "f1": 0.0396039603960396,
    "tp": 2,
    "fp": 2,
    "fn": 95,
    "n_detected": 4,
    "n_catalog": 97
  },
  "baseline_strict": {
    "precision": 0.6376811594202898,
    "recall": 0.9072164948453608,
    "f1": 0.7489361702127658,
    "tp": 88,
    "fp": 50,
    "fn": 9,
    "n_detected": 138,
    "n_catalog": 97
  },
  "tolerance_primary_samples": 50,
  "tolerance_strict_samples": 10
}