{
  "mass_smash": {
    "precision": 0.5396825396825397,
    "recall": 0.37362637362637363,
    "f1": 0.44155844155844154,
    "tp": 34,
    "fp": 29,
    "fn": 57,
    "n_detected": 63,
    "n_catalog": 91
  },
  "baseline": {
    "precision": 0.6818181818181818,
    "recall": 0.989010989010989,
    "f1": 0.8071748878923767,
    "tp": 90,
    "fp": 42,
    "fn": 1,
    "n_detected": 132,
    "n_catalog": 91
  },
  "mass_smash_strict": {
    "precision": 0.23809523809523808,
    "recall": 0.16483516483516483,
    "f1": 0.19480519480519481,
    "tp": 15,
    "fp": 48,
    "fn": 76,
    "n_detected": 63,
    "n_catalog": 91
  },
  "baseline_strict": {
    "precision": 0.6818181818181818,
    "recall": 0.989010989010989,
    "f1": 0.8071748878923767,
    "tp": 90,
    "fp": 42,
    "fn": 1,
    "n_detected": 132,
    "n_catalog": 91
  },
  "tolerance_primary_samples": 50,
  "tolerance_strict_samples": 10
}