{
  "0.05": {
    "turb_frac": 0.05,
    "snr": 20.0,
    "n_true": 28,
    "mass_smash": {
      "precision": 0.9333333333333333,
      "recall": 0.5,
      "f1": 0.6511627906976745,
      "tp": 14,
      "fp": 1,
      "fn": 14,
      "n_det": 15
    },
    "pvi": {
      "precision": 0.9444444444444444,
      "recall": 0.6071428571428571,
      "f1": 0.7391304347826088,
      "tp": 17,
      "fp": 1,
      "fn": 11,
      "n_det": 18
    },
    "baseline": {
      "precision": 1.0,
      "recall": 1.0,
      "f1": 1.0,
      "tp": 28,
      "fp": 0,
      "fn": 0,
      "n_det": 28
    }
  },
  "0.10": {
    "turb_frac": 0.1,
    "snr": 10.0,
    "n_true": 28,
    "mass_smash": {
      "precision": 0.9375,
      "recall": 0.5357142857142857,
      "f1": 0.6818181818181818,
      "tp": 15,
      "fp": 1,
      "fn": 13,
      "n_det": 16
    },
    "pvi": {
      "precision": 0.9473684210526315,
      "recall": 0.6428571428571429,
      "f1": 0.7659574468085106,
      "tp": 18,
      "fp": 1,
      "fn": 10,
      "n_det": 19
    },
    "baseline": {
      "precision": 1.0,
      "recall": 1.0,
      "f1": 1.0,
      "tp": 28,
      "fp": 0,
      "fn": 0,
      "n_det": 28
    }
  },
  "0.15": {
    "turb_frac": 0.15,
    "snr": 6.666666666666667,
    "n_true": 28,
    "mass_smash": {
      "precision": 0.9473684210526315,
      "recall": 0.6428571428571429,
      "f1": 0.7659574468085106,
      "tp": 18,
      "fp": 1,
      "fn": 10,
      "n_det": 19
    },
    "pvi": {
      "precision": 0.9473684210526315,
      "recall": 0.6428571428571429,
      "f1": 0.7659574468085106,
      "tp": 18,
      "fp": 1,
      "fn": 10,
      "n_det": 19
    },
    "baseline": {
      "precision": 1.0,
      "recall": 1.0,
      "f1": 1.0,
      "tp": 28,
      "fp": 0,
      "fn": 0,
      "n_det": 28
    }
  },
  "0.20": {
    "turb_frac": 0.2,
    "snr": 5.0,
    "n_true": 28,
    "mass_smash": {
      "precision": 0.95,
      "recall": 0.6785714285714286,
      "f1": 0.7916666666666667,
      "tp": 19,
      "fp": 1,
      "fn": 9,
      "n_det": 20
    },
    "pvi": {
      "precision": 0.9473684210526315,
      "recall": 0.6428571428571429,
      "f1": 0.7659574468085106,
      "tp": 18,
      "fp": 1,
      "fn": 10,
      "n_det": 19
    },
    "baseline": {
      "precision": 0.875,
      "recall": 1.0,
      "f1": 0.9333333333333333,
      "tp": 28,
      "fp": 4,
      "fn": 0,
      "n_det": 32
    }
  },
  "0.30": {
    "turb_frac": 0.3,
    "snr": 3.3333333333333335,
    "n_true": 28,
    "mass_smash": {
      "precision": 1.0,
      "recall": 0.6428571428571429,
      "f1": 0.782608695652174,
      "tp": 18,
      "fp": 0,
      "fn": 10,
      "n_det": 18
    },
    "pvi": {
      "precision": 0.9473684210526315,
      "recall": 0.6428571428571429,
      "f1": 0.7659574468085106,
      "tp": 18,
      "fp": 1,
      "fn": 10,
      "n_det": 19
    },
    "baseline": {
      "precision": 0.16091954022988506,
      "recall": 1.0,
      "f1": 0.2772277227722772,
      "tp": 28,
      "fp": 146,
      "fn": 0,
      "n_det": 174
    }
  },
  "0.40": {
    "turb_frac": 0.4,
    "snr": 2.5,
    "n_true": 28,
    "mass_smash": {
      "precision": 1.0,
      "recall": 0.6071428571428571,
      "f1": 0.7555555555555554,
      "tp": 17,
      "fp": 0,
      "fn": 11,
      "n_det": 17
    },
    "pvi": {
      "precision": 0.9444444444444444,
      "recall": 0.6071428571428571,
      "f1": 0.7391304347826088,
      "tp": 17,
      "fp": 1,
      "fn": 11,
      "n_det": 18
    },
    "baseline": {
      "precision": 0.059447983014861996,
      "recall": 1.0,
      "f1": 0.11222444889779559,
      "tp": 28,
      "fp": 443,
      "fn": 0,
      "n_det": 471
    }
  },
  "0.50": {
    "turb_frac": 0.5,
    "snr": 2.0,
    "n_true": 28,
    "mass_smash": {
      "precision": 1.0,
      "recall": 0.6428571428571429,
      "f1": 0.782608695652174,
      "tp": 18,
      "fp": 0,
      "fn": 10,
      "n_det": 18
    },
    "pvi": {
      "precision": 0.9444444444444444,
      "recall": 0.6071428571428571,
      "f1": 0.7391304347826088,
      "tp": 17,
      "fp": 1,
      "fn": 11,
      "n_det": 18
    },
    "baseline": {
      "precision": 0.036939313984168866,
      "recall": 1.0,
      "f1": 0.07124681933842239,
      "tp": 28,
      "fp": 730,
      "fn": 0,
      "n_det": 758
    }
  }
}